Make,Model,Colour,Year,Price,Fuel Type,Transmission
Nissan,Versa,Gray,2023,45096,Diesel,Manual
Chevrolet,Tahoe,Yellow,2023,69662,Petrol,Manual
Honda,CR-V,Black,2022,65733,Petrol,Manual
Kia,Sportage,Green,2006,67446,Petrol,Automatic
Nissan,Pathfinder,Gray,2001,50052,Hybrid,Manual
Mercedes-Benz,S-Class,Blue,2022,28899,Diesel,Manual
Nissan,Rogue,Gray,2005,50330,Petrol,Manual
Mercedes-Benz,C-Class,Blue,2005,65355,Electric,Automatic
Kia,Optima,Orange,2023,48646,Petrol,Manual
Chevrolet,Tahoe,Silver,2019,73812,Electric,Manual
Nissan,Pathfinder,Yellow,2015,31014,Diesel,Manual
Hyundai,Accent,Gray,2004,29224,Electric,Automatic
Hyundai,Tucson,Orange,2022,35172,Petrol,Manual
Kia,Sportage,Orange,2014,12447,Diesel,Manual
Kia,Optima,Orange,2009,5858,Hybrid,Automatic
Nissan,Versa,Orange,2005,35592,Electric,Manual
Chevrolet,Impala,Silver,2019,74292,Petrol,Manual
Chevrolet,Tahoe,Black,2015,54413,Hybrid,Automatic
Hyundai,Sonata,Brown,2005,11535,Diesel,Manual
Toyota,RAV4,Blue,2017,67914,Petrol,Manual
Kia,Sorento,Yellow,2006,51831,Hybrid,Manual
Kia,Soul,Orange,2023,6868,Hybrid,Automatic
Volkswagen,Atlas,Orange,2020,62639,Electric,Automatic
Kia,Sportage,White,2001,58588,Diesel,Manual
Honda,Pilot,Orange,2015,73036,Petrol,Manual
Chevrolet,Tahoe,Yellow,2016,41127,Petrol,Manual
Hyundai,Santa Fe,Yellow,2013,46144,Electric,Manual
BMW,3 Series,White,2016,11161,Electric,Manual
Hyundai,Santa Fe,Yellow,2018,29656,Electric,Manual
Toyota,Corolla,Red,2002,44427,Electric,Manual
Volkswagen,Golf,Red,2020,28012,Electric,Automatic
Chevrolet,Impala,Blue,2010,72775,Petrol,Manual
Honda,Pilot,Red,2007,62268,Hybrid,Manual
Nissan,Rogue,Yellow,2023,36878,Petrol,Automatic
Honda,Civic,Black,2015,26273,Electric,Manual
Mercedes-Benz,GLE,Red,2015,74871,Hybrid,Automatic
Nissan,Altima,Brown,2012,46287,Electric,Manual
Volkswagen,Jetta,Gray,2018,31112,Hybrid,Manual
Mercedes-Benz,C-Class,Orange,2003,72660,Petrol,Automatic
Nissan,Rogue,Silver,2021,73594,Diesel,Automatic
BMW,5 Series,Brown,2014,43078,Electric,Manual
Toyota,Camry,Orange,2020,10077,Electric,Manual
Nissan,Pathfinder,Brown,2002,76802,Hybrid,Manual
Toyota,Camry,Black,2023,17523,Hybrid,Manual
Ford,Mustang,Silver,2009,40611,Electric,Manual
Nissan,Versa,Gray,2007,18447,Hybrid,Manual
Toyota,Prius,Green,2012,50458,Hybrid,Automatic
Nissan,Versa,Brown,2011,35914,Petrol,Manual
Nissan,Sentra,Black,2003,30465,Hybrid,Automatic
Nissan,Sentra,Yellow,2018,52104,Hybrid,Automatic
Chevrolet,Tahoe,Gray,2013,37731,Electric,Automatic
Hyundai,Elantra,White,2020,30829,Hybrid,Automatic
Chevrolet,Equinox,Silver,2010,24123,Hybrid,Automatic
Hyundai,Elantra,White,2011,39667,Petrol,Manual
Chevrolet,Tahoe,Black,2018,12473,Diesel,Automatic
Toyota,Corolla,Yellow,2001,14808,Electric,Manual
Nissan,Versa,Black,2001,21295,Hybrid,Manual
Volkswagen,Passat,Brown,2011,39288,Hybrid,Automatic
BMW,7 Series,Gray,2003,47240,Petrol,Automatic
BMW,5 Series,Orange,2017,55471,Hybrid,Automatic
Volkswagen,Passat,White,2018,58418,Petrol,Manual
Hyundai,Elantra,Orange,2004,34362,Petrol,Manual
BMW,5 Series,Gray,2014,66435,Electric,Manual
Chevrolet,Tahoe,Brown,2016,59167,Diesel,Manual
Nissan,Rogue,Brown,2018,41751,Hybrid,Automatic
Hyundai,Elantra,White,2023,18513,Diesel,Automatic
Mercedes-Benz,GLC,Green,2018,32629,Electric,Manual
Ford,Explorer,Blue,2007,33164,Hybrid,Manual
Chevrolet,Tahoe,Orange,2000,38442,Petrol,Manual
Kia,Sorento,Yellow,2004,50626,Diesel,Manual
Kia,Sorento,Green,2010,38815,Hybrid,Manual
Ford,Mustang,Black,2016,10968,Hybrid,Automatic
Chevrolet,Silverado,Orange,2021,25502,Diesel,Manual
Kia,Rio,White,2000,21878,Electric,Automatic
Ford,F-150,Green,2020,51974,Diesel,Manual
BMW,7 Series,Black,2022,6404,Electric,Automatic
Hyundai,Elantra,Yellow,2008,75626,Electric,Manual
Ford,Explorer,Silver,2001,17987,Hybrid,Automatic
Toyota,Highlander,Green,2004,15478,Electric,Manual
Ford,Escape,Yellow,2022,47782,Petrol,Manual
Chevrolet,Equinox,Blue,2006,6242,Diesel,Manual
Honda,Civic,Yellow,2002,11264,Hybrid,Manual
Nissan,Sentra,White,2015,51463,Hybrid,Manual
Chevrolet,Tahoe,Yellow,2013,78326,Diesel,Manual
Kia,Sorento,White,2016,62577,Diesel,Manual
Toyota,Camry,Green,2012,46346,Diesel,Automatic
Chevrolet,Impala,White,2004,49022,Petrol,Automatic
Kia,Soul,Green,2006,70030,Petrol,Automatic
Ford,F-150,Black,2006,27408,Diesel,Automatic
Nissan,Rogue,Silver,2017,30139,Diesel,Automatic
BMW,5 Series,Green,2001,31211,Diesel,Manual
Toyota,Highlander,Gray,2020,24305,Diesel,Manual
Honda,Accord,Orange,2020,39650,Petrol,Manual
Chevrolet,Malibu,Black,2016,61493,Petrol,Manual
Volkswagen,Tiguan,Gray,2009,10487,Hybrid,Manual
Toyota,Prius,Silver,2001,52481,Diesel,Manual
Volkswagen,Passat,Brown,2008,42200,Hybrid,Automatic
Toyota,Prius,Green,2009,23647,Hybrid,Manual
Chevrolet,Tahoe,Yellow,2003,31519,Petrol,Automatic
BMW,X3,White,2018,78587,Petrol,Manual
Toyota,Camry,Yellow,2020,18605,Petrol,Manual
Volkswagen,Passat,Gray,2016,21759,Diesel,Automatic
Volkswagen,Golf,Orange,2017,25484,Hybrid,Manual
Volkswagen,Atlas,Silver,2016,43190,Electric,Manual
Kia,Soul,Blue,2019,33083,Diesel,Manual
Ford,Escape,White,2008,48412,Diesel,Manual
BMW,7 Series,Yellow,2000,74076,Electric,Manual
Chevrolet,Malibu,Blue,2016,24934,Electric,Manual
Nissan,Altima,Brown,2019,68350,Diesel,Manual
Toyota,Prius,Yellow,2005,17182,Diesel,Automatic
Hyundai,Sonata,Orange,2016,26639,Electric,Manual
Toyota,Corolla,Gray,2012,42775,Electric,Automatic
Ford,Escape,Yellow,2019,36957,Diesel,Manual
Chevrolet,Malibu,Blue,2016,53592,Diesel,Automatic
Chevrolet,Impala,Green,2023,50441,Diesel,Automatic
Ford,Focus,Green,2005,12415,Hybrid,Manual
Ford,Explorer,Black,2006,61449,Hybrid,Manual
Kia,Rio,Red,2007,26839,Petrol,Automatic
Chevrolet,Equinox,Brown,2010,46913,Diesel,Automatic
Kia,Sorento,Gray,2003,57713,Diesel,Automatic
Toyota,Corolla,Red,2008,13557,Hybrid,Manual
Chevrolet,Malibu,Blue,2006,18775,Hybrid,Manual
Honda,Accord,Gray,2006,22046,Diesel,Automatic
Chevrolet,Equinox,Yellow,2014,74011,Electric,Manual
BMW,X3,Brown,2001,32956,Hybrid,Manual
Kia,Sportage,Silver,2019,59658,Electric,Manual
Ford,F-150,Silver,2004,78482,Petrol,Automatic
Mercedes-Benz,E-Class,White,2012,67366,Electric,Manual
Ford,Escape,White,2017,65802,Hybrid,Manual
Chevrolet,Equinox,Black,2001,75828,Petrol,Automatic
Honda,Pilot,Blue,2022,38933,Petrol,Manual
Hyundai,Elantra,Blue,2012,32799,Hybrid,Manual
BMW,X5,Green,2009,36581,Electric,Automatic
Volkswagen,Atlas,White,2022,63396,Electric,Manual
Nissan,Pathfinder,Green,2023,38413,Petrol,Automatic
BMW,X3,Orange,2014,55151,Electric,Manual
Kia,Rio,Yellow,2001,55571,Electric,Automatic
Honda,CR-V,Silver,2008,14931,Petrol,Manual
Kia,Sportage,Orange,2016,16521,Petrol,Manual
Ford,Focus,Blue,2013,28854,Hybrid,Manual
Nissan,Altima,Brown,2004,43926,Petrol,Automatic
Ford,Escape,Green,2002,61015,Electric,Manual
BMW,3 Series,Green,2013,49209,Electric,Automatic
Volkswagen,Jetta,White,2022,47805,Electric,Automatic
Chevrolet,Malibu,Black,2020,34833,Diesel,Manual
Chevrolet,Malibu,Orange,2001,23279,Diesel,Automatic
Toyota,Camry,Black,2014,25960,Electric,Automatic
Honda,Accord,Orange,2004,46779,Hybrid,Automatic
Mercedes-Benz,GLE,Silver,2017,14440,Diesel,Manual
Hyundai,Accent,Gray,2016,37170,Petrol,Automatic
Mercedes-Benz,S-Class,Blue,2001,69227,Hybrid,Manual
Kia,Rio,Black,2008,76848,Hybrid,Automatic
Volkswagen,Passat,Gray,2018,55939,Electric,Manual
Nissan,Versa,Green,2020,72889,Hybrid,Manual
Ford,F-150,Silver,2023,49417,Petrol,Automatic
Volkswagen,Atlas,Black,2023,60948,Petrol,Manual
Hyundai,Sonata,Yellow,2017,48277,Diesel,Automatic
Honda,Fit,Yellow,2018,23739,Diesel,Manual
Mercedes-Benz,S-Class,Silver,2022,67009,Petrol,Automatic
Honda,CR-V,Yellow,2012,6587,Hybrid,Manual
Ford,Escape,Yellow,2006,36409,Petrol,Manual
Kia,Soul,Orange,2005,50040,Electric,Manual
BMW,X3,Gray,2010,69857,Electric,Manual
Toyota,RAV4,Gray,2002,71897,Electric,Manual
Mercedes-Benz,GLC,Blue,2017,44082,Diesel,Automatic
Ford,Mustang,Orange,2017,5894,Diesel,Automatic
Ford,Escape,Black,2016,29465,Diesel,Manual
Volkswagen,Atlas,Blue,2010,47956,Hybrid,Manual
Hyundai,Tucson,Brown,2013,27623,Electric,Automatic
Chevrolet,Tahoe,Blue,2018,79370,Petrol,Manual
Chevrolet,Equinox,Green,2006,6975,Hybrid,Automatic
Nissan,Altima,White,2003,42102,Diesel,Manual
Hyundai,Accent,Silver,2008,25760,Petrol,Automatic
Toyota,Highlander,Yellow,2022,72658,Hybrid,Manual
Honda,Accord,Red,2013,52135,Diesel,Manual
Kia,Sportage,Yellow,2020,16688,Petrol,Automatic
Chevrolet,Equinox,Brown,2009,44217,Petrol,Automatic
Mercedes-Benz,C-Class,Red,2007,77550,Diesel,Manual
Honda,Pilot,Black,2013,40594,Electric,Manual
Honda,Accord,Green,2004,41371,Electric,Automatic
Kia,Optima,Orange,2001,35943,Diesel,Manual
Kia,Soul,Orange,2012,77917,Petrol,Automatic
Volkswagen,Golf,Brown,2021,38706,Petrol,Manual
Ford,Mustang,Silver,2010,69340,Hybrid,Automatic
Toyota,Prius,Silver,2015,39101,Petrol,Automatic
Mercedes-Benz,GLC,Blue,2010,77844,Electric,Automatic
BMW,7 Series,White,2009,78668,Hybrid,Manual
BMW,X3,Brown,2013,61454,Petrol,Manual
Mercedes-Benz,E-Class,Green,2002,19437,Electric,Automatic
Chevrolet,Tahoe,Red,2018,54642,Hybrid,Automatic
BMW,3 Series,Brown,2022,11673,Hybrid,Manual
Volkswagen,Passat,Gray,2000,26313,Electric,Manual
Volkswagen,Jetta,White,2023,28059,Petrol,Automatic
Nissan,Altima,Orange,2014,32015,Petrol,Automatic
Nissan,Altima,Red,2011,19327,Petrol,Manual
Mercedes-Benz,E-Class,Blue,2001,59614,Hybrid,Manual
Kia,Optima,Green,2016,11649,Hybrid,Automatic
Toyota,Highlander,Yellow,2022,32863,Diesel,Manual
BMW,7 Series,Red,2012,57959,Petrol,Automatic
Honda,Accord,Gray,2007,56536,Electric,Automatic
BMW,5 Series,Blue,2020,67599,Petrol,Automatic
Hyundai,Tucson,Black,2003,15348,Petrol,Automatic
Mercedes-Benz,C-Class,Blue,2006,49730,Hybrid,Manual
Toyota,RAV4,Brown,2009,35005,Diesel,Manual
BMW,5 Series,Orange,2000,49859,Hybrid,Manual
BMW,X5,Orange,2016,72448,Petrol,Automatic
Ford,Focus,White,2005,17367,Diesel,Automatic
Chevrolet,Tahoe,Silver,2003,43018,Petrol,Manual
Nissan,Versa,Green,2021,18287,Petrol,Manual
BMW,X3,Red,2020,7576,Petrol,Manual
Mercedes-Benz,GLE,White,2019,52607,Hybrid,Manual
Hyundai,Elantra,Silver,2023,56440,Diesel,Manual
Nissan,Versa,Brown,2016,28335,Electric,Automatic
Toyota,Prius,Orange,2010,41611,Diesel,Automatic
Honda,Fit,Red,2020,77882,Petrol,Manual
Nissan,Sentra,Green,2017,12835,Petrol,Automatic
Chevrolet,Equinox,Black,2015,5757,Hybrid,Manual
Hyundai,Tucson,Silver,2020,25183,Electric,Automatic
Chevrolet,Tahoe,Green,2000,28524,Electric,Automatic
Volkswagen,Passat,Brown,2000,26825,Petrol,Automatic
Volkswagen,Tiguan,Red,2010,79534,Hybrid,Manual
Mercedes-Benz,S-Class,Green,2018,39552,Hybrid,Manual
BMW,X5,Black,2019,30146,Hybrid,Automatic
Nissan,Rogue,White,2012,22765,Diesel,Manual
Volkswagen,Passat,Blue,2018,49486,Electric,Manual
Toyota,RAV4,Green,2008,12137,Diesel,Automatic
Hyundai,Santa Fe,Gray,2011,44819,Petrol,Automatic
Toyota,RAV4,Yellow,2004,11096,Petrol,Manual
Volkswagen,Golf,Silver,2005,75643,Electric,Automatic
Toyota,Highlander,Brown,2017,6881,Electric,Automatic
Hyundai,Accent,Red,2020,46287,Diesel,Automatic
Nissan,Versa,Gray,2017,68607,Hybrid,Manual
Honda,Fit,Gray,2020,52515,Electric,Manual
Mercedes-Benz,GLE,Black,2001,33365,Electric,Manual
Toyota,Highlander,Gray,2016,79338,Electric,Automatic
Volkswagen,Atlas,Brown,2023,45727,Hybrid,Manual
Toyota,RAV4,Black,2010,72671,Diesel,Automatic
Chevrolet,Malibu,Black,2002,28444,Diesel,Manual
Toyota,Camry,Orange,2005,65017,Diesel,Manual
Ford,Explorer,Green,2020,79713,Petrol,Manual
Hyundai,Santa Fe,Green,2016,75434,Diesel,Automatic
BMW,3 Series,Yellow,2020,41208,Petrol,Manual
Chevrolet,Malibu,Silver,2011,52487,Petrol,Automatic
Nissan,Rogue,White,2015,48200,Hybrid,Automatic
Mercedes-Benz,GLE,Yellow,2004,45412,Hybrid,Automatic
BMW,3 Series,Black,2021,29607,Diesel,Automatic
Toyota,Highlander,Yellow,2013,59504,Hybrid,Manual
Nissan,Sentra,White,2002,12152,Electric,Manual
Chevrolet,Malibu,Red,2008,17978,Petrol,Automatic
Ford,F-150,Orange,2016,10227,Electric,Automatic
Toyota,Camry,Blue,2006,37906,Hybrid,Automatic
Kia,Optima,Black,2009,53267,Hybrid,Automatic
Toyota,Camry,Red,2002,68957,Electric,Manual
Volkswagen,Atlas,Black,2012,34797,Diesel,Manual
Nissan,Versa,Silver,2005,39456,Hybrid,Automatic
Kia,Soul,Yellow,2003,43576,Hybrid,Automatic
Nissan,Versa,Black,2004,53883,Petrol,Automatic
Hyundai,Elantra,Orange,2002,16158,Diesel,Manual
Volkswagen,Passat,Green,2011,78863,Petrol,Manual
Volkswagen,Passat,Yellow,2002,38328,Hybrid,Manual
Volkswagen,Atlas,Black,2002,27287,Electric,Manual
Hyundai,Accent,Silver,2005,51928,Hybrid,Automatic
Ford,Explorer,Yellow,2018,60550,Electric,Manual
Nissan,Sentra,Brown,2015,28102,Petrol,Automatic
Honda,Pilot,Black,2009,34146,Diesel,Automatic
Volkswagen,Golf,White,2005,10564,Electric,Manual
Honda,CR-V,Green,2003,73220,Hybrid,Automatic
Ford,Mustang,White,2018,24950,Electric,Manual
Volkswagen,Atlas,Brown,2018,6142,Diesel,Manual
Toyota,Prius,Green,2000,73520,Diesel,Manual
Nissan,Rogue,Green,2005,50495,Petrol,Automatic
Chevrolet,Impala,Red,2009,9362,Electric,Manual
BMW,X3,Red,2010,71425,Electric,Automatic
Mercedes-Benz,GLE,White,2013,59224,Electric,Manual
Hyundai,Accent,Blue,2001,43428,Petrol,Manual
Honda,Accord,Red,2007,77207,Hybrid,Manual
Chevrolet,Silverado,Green,2015,42090,Diesel,Automatic
Toyota,RAV4,Blue,2000,25134,Diesel,Manual
Hyundai,Tucson,Brown,2013,19275,Diesel,Automatic
Ford,Focus,Blue,2009,46969,Hybrid,Manual
Volkswagen,Jetta,Red,2014,59044,Petrol,Manual
Volkswagen,Atlas,White,2001,36638,Hybrid,Manual
Nissan,Pathfinder,Green,2015,47772,Diesel,Manual
Mercedes-Benz,GLE,Green,2003,44661,Diesel,Automatic
Volkswagen,Tiguan,Brown,2006,60573,Petrol,Manual
Kia,Sorento,Brown,2015,27670,Petrol,Automatic
BMW,X3,Green,2013,49376,Hybrid,Automatic
Kia,Optima,Green,2015,37554,Diesel,Automatic
Volkswagen,Jetta,Brown,2001,38550,Petrol,Manual
Hyundai,Elantra,Red,2004,31796,Hybrid,Automatic
Mercedes-Benz,C-Class,Orange,2001,33451,Diesel,Automatic
BMW,7 Series,Black,2014,25832,Electric,Automatic
Kia,Rio,Blue,2019,63785,Electric,Automatic
Nissan,Altima,Blue,2009,55246,Electric,Automatic
Toyota,RAV4,Black,2012,48843,Petrol,Automatic
Mercedes-Benz,GLE,Orange,2020,17786,Hybrid,Manual
Hyundai,Sonata,Yellow,2022,34514,Diesel,Automatic
Toyota,Camry,Yellow,2001,16175,Diesel,Automatic
Kia,Sorento,Gray,2023,17746,Electric,Manual
Mercedes-Benz,GLE,Yellow,2021,13457,Hybrid,Manual
Volkswagen,Atlas,Black,2012,27206,Hybrid,Manual
Hyundai,Accent,Green,2018,64501,Hybrid,Manual
Honda,CR-V,Gray,2014,8237,Diesel,Manual
BMW,X3,Black,2003,76980,Petrol,Manual
Hyundai,Accent,Blue,2002,7525,Petrol,Manual
Chevrolet,Equinox,Green,2005,43947,Petrol,Automatic
Chevrolet,Equinox,Green,2003,75377,Petrol,Manual
Ford,Mustang,Brown,2002,54710,Petrol,Manual
Hyundai,Accent,Silver,2001,73694,Electric,Manual
Volkswagen,Atlas,Orange,2003,65908,Petrol,Manual
Hyundai,Tucson,Silver,2017,46323,Hybrid,Manual
Ford,Explorer,Black,2014,18936,Diesel,Manual
Nissan,Versa,Blue,2019,34775,Electric,Manual
Kia,Rio,Black,2014,43905,Hybrid,Manual
Mercedes-Benz,S-Class,Brown,2006,71321,Hybrid,Automatic
Nissan,Rogue,Black,2001,50491,Electric,Automatic
Mercedes-Benz,C-Class,Brown,2006,50813,Electric,Automatic
Kia,Sportage,Silver,2020,63401,Hybrid,Automatic
Toyota,RAV4,Gray,2023,45816,Electric,Manual
Kia,Soul,Orange,2020,67257,Petrol,Automatic
Kia,Optima,Brown,2020,25449,Petrol,Manual
Toyota,Highlander,Green,2023,14525,Electric,Automatic
Kia,Sorento,Gray,2021,8217,Hybrid,Manual
BMW,X5,Green,2011,56080,Diesel,Automatic
Mercedes-Benz,S-Class,Blue,2011,65943,Diesel,Manual
Toyota,Prius,White,2012,40451,Diesel,Automatic
Kia,Sorento,Orange,2017,50116,Electric,Manual
Volkswagen,Golf,Black,2021,70641,Hybrid,Automatic
BMW,3 Series,Black,2007,5111,Petrol,Manual
Toyota,Camry,Black,2015,25479,Diesel,Automatic
BMW,3 Series,Blue,2016,19640,Petrol,Automatic
Kia,Rio,Green,2018,33471,Diesel,Manual
Honda,Accord,Blue,2000,62467,Electric,Automatic
Chevrolet,Equinox,Black,2020,21092,Diesel,Automatic
Mercedes-Benz,C-Class,Blue,2008,43702,Electric,Manual
Hyundai,Accent,White,2003,24452,Electric,Automatic
Volkswagen,Jetta,Green,2023,42142,Diesel,Automatic
Toyota,Highlander,Gray,2001,30860,Hybrid,Automatic
Toyota,RAV4,Green,2011,56445,Hybrid,Manual
Chevrolet,Impala,Blue,2021,45079,Hybrid,Manual
Chevrolet,Equinox,Blue,2011,37155,Electric,Manual
Mercedes-Benz,S-Class,Red,2006,26057,Petrol,Manual
Mercedes-Benz,GLE,White,2001,28666,Petrol,Automatic
Nissan,Sentra,White,2007,69716,Petrol,Manual
BMW,X5,Red,2002,27425,Petrol,Manual
Chevrolet,Impala,Gray,2002,52301,Petrol,Automatic
Volkswagen,Golf,Black,2003,76361,Electric,Manual
BMW,X3,Red,2010,16860,Hybrid,Manual
Hyundai,Santa Fe,Green,2009,79945,Diesel,Automatic
Chevrolet,Tahoe,Green,2009,30076,Petrol,Manual
Mercedes-Benz,E-Class,Yellow,2005,47624,Diesel,Manual
Chevrolet,Tahoe,Red,2011,54038,Diesel,Automatic
Ford,Explorer,Red,2023,11190,Hybrid,Manual
Honda,CR-V,White,2021,9282,Petrol,Manual
Hyundai,Sonata,Black,2017,15893,Petrol,Manual
BMW,5 Series,Silver,2013,63143,Electric,Manual
Ford,Mustang,White,2017,17107,Diesel,Automatic
Nissan,Pathfinder,Silver,2019,22380,Diesel,Manual
Ford,F-150,Green,2007,20809,Electric,Automatic
Mercedes-Benz,E-Class,Silver,2012,20051,Electric,Manual
Kia,Sorento,Blue,2004,79606,Petrol,Manual
Ford,Mustang,Green,2019,22119,Diesel,Automatic
Toyota,Highlander,Green,2021,10251,Hybrid,Automatic
Mercedes-Benz,GLC,Gray,2006,68561,Electric,Manual
BMW,7 Series,Orange,2002,36916,Hybrid,Automatic
Volkswagen,Jetta,Silver,2003,20487,Electric,Automatic
Chevrolet,Impala,Orange,2018,74968,Petrol,Manual
Hyundai,Elantra,Brown,2007,45266,Diesel,Automatic
Mercedes-Benz,C-Class,Gray,2006,61634,Petrol,Manual
Mercedes-Benz,GLE,Red,2023,41262,Petrol,Manual
Toyota,Prius,White,2013,31010,Hybrid,Manual
Kia,Optima,Silver,2012,75403,Hybrid,Automatic
Ford,Focus,Black,2022,69640,Petrol,Manual
Hyundai,Accent,Red,2022,20320,Electric,Manual
Ford,F-150,White,2014,6848,Hybrid,Manual
Hyundai,Tucson,Gray,2008,63020,Diesel,Automatic
Volkswagen,Tiguan,Red,2021,48004,Electric,Manual
Nissan,Sentra,White,2012,66306,Diesel,Automatic
Ford,Explorer,Brown,2019,57064,Electric,Automatic
Honda,CR-V,Yellow,2011,36763,Diesel,Automatic
BMW,X5,Yellow,2017,36260,Hybrid,Automatic
BMW,5 Series,Brown,2017,44045,Diesel,Manual
Chevrolet,Tahoe,Gray,2023,46990,Diesel,Manual
Volkswagen,Golf,Blue,2017,17855,Electric,Automatic
Honda,Pilot,Brown,2018,22460,Hybrid,Automatic
Toyota,Corolla,Gray,2008,74073,Diesel,Manual
Kia,Sportage,Orange,2002,23197,Hybrid,Manual
BMW,7 Series,Brown,2022,17682,Petrol,Automatic
Hyundai,Tucson,Black,2006,32597,Electric,Manual
Nissan,Pathfinder,White,2008,12525,Electric,Automatic
Toyota,Camry,Silver,2020,6118,Electric,Automatic
BMW,X3,Orange,2010,61187,Diesel,Manual
Volkswagen,Jetta,Orange,2016,21654,Petrol,Manual
BMW,5 Series,Gray,2000,6785,Diesel,Automatic
Hyundai,Santa Fe,Red,2005,38858,Hybrid,Manual
BMW,X3,Green,2023,34408,Petrol,Automatic
Honda,Civic,Yellow,2017,53211,Petrol,Automatic
Kia,Soul,Gray,2008,50793,Petrol,Manual
Nissan,Rogue,Red,2004,51832,Petrol,Automatic
Toyota,Highlander,Gray,2012,31542,Hybrid,Automatic
Ford,Escape,Blue,2002,7456,Electric,Automatic
Volkswagen,Jetta,Orange,2015,78026,Diesel,Manual
Volkswagen,Golf,Gray,2021,75777,Electric,Manual
Honda,Civic,Black,2013,78147,Hybrid,Automatic
Honda,Civic,Green,2001,77316,Electric,Manual
Toyota,Highlander,Silver,2016,41652,Diesel,Manual
Hyundai,Accent,Orange,2017,29226,Hybrid,Manual
Chevrolet,Malibu,Blue,2005,44883,Electric,Manual
Hyundai,Sonata,Silver,2012,34493,Petrol,Automatic
Ford,Escape,Orange,2000,47899,Hybrid,Manual
Kia,Rio,Green,2006,78683,Diesel,Manual
BMW,3 Series,Gray,2015,60555,Hybrid,Automatic
Toyota,Prius,Silver,2015,12320,Hybrid,Automatic
Volkswagen,Atlas,Orange,2017,63092,Diesel,Manual
Volkswagen,Passat,Green,2010,78110,Petrol,Manual
Hyundai,Tucson,Black,2007,14025,Diesel,Automatic
Kia,Rio,Black,2005,34492,Electric,Automatic
Honda,Fit,Silver,2017,77671,Electric,Automatic
Ford,Focus,Green,2001,36304,Diesel,Manual
Mercedes-Benz,GLE,Brown,2004,15906,Hybrid,Automatic
Honda,Pilot,Green,2010,16644,Electric,Automatic
Honda,Civic,Red,2006,28447,Diesel,Manual
Chevrolet,Malibu,Yellow,2002,20479,Diesel,Manual
Mercedes-Benz,GLE,Orange,2015,31648,Hybrid,Manual
Nissan,Sentra,Blue,2022,11046,Diesel,Automatic
BMW,7 Series,Yellow,2015,16868,Electric,Manual
Nissan,Altima,Red,2008,71477,Electric,Automatic
Mercedes-Benz,GLE,Red,2010,59759,Electric,Manual
Honda,Pilot,Green,2008,34750,Petrol,Manual
Hyundai,Accent,Brown,2000,11484,Hybrid,Manual
Hyundai,Elantra,Silver,2007,71703,Petrol,Manual
Volkswagen,Tiguan,Green,2017,36248,Petrol,Automatic
Kia,Sorento,Black,2005,76932,Diesel,Manual
Nissan,Sentra,Green,2000,75703,Hybrid,Automatic
Honda,CR-V,Orange,2012,37945,Hybrid,Automatic
Nissan,Rogue,Black,2020,27034,Diesel,Automatic
Kia,Sportage,Silver,2021,77823,Hybrid,Manual
Ford,Explorer,Yellow,2015,20673,Hybrid,Automatic
Toyota,Corolla,White,2021,26352,Hybrid,Automatic
Toyota,Prius,Orange,2011,14936,Hybrid,Automatic
Volkswagen,Golf,Brown,2016,25245,Electric,Manual
BMW,3 Series,Silver,2004,8853,Diesel,Manual
Nissan,Pathfinder,Black,2000,15193,Electric,Manual
Volkswagen,Golf,Blue,2016,55427,Petrol,Manual
Mercedes-Benz,GLC,Red,2018,45574,Hybrid,Manual
Chevrolet,Malibu,Red,2016,22313,Diesel,Automatic
Volkswagen,Atlas,Silver,2002,41077,Hybrid,Automatic
Nissan,Versa,White,2003,47981,Petrol,Automatic
Kia,Optima,Yellow,2020,79841,Electric,Automatic
Honda,Accord,Silver,2009,6566,Hybrid,Automatic
Nissan,Sentra,Blue,2023,66843,Hybrid,Automatic
Honda,Fit,Brown,2005,32938,Electric,Automatic
Volkswagen,Golf,Black,2017,11416,Petrol,Automatic
Toyota,Highlander,Brown,2013,39458,Petrol,Automatic
Toyota,RAV4,Gray,2014,34570,Hybrid,Automatic
Kia,Sportage,Gray,2004,69347,Hybrid,Automatic
Hyundai,Sonata,Brown,2008,16068,Electric,Automatic
Hyundai,Sonata,Red,2023,74366,Hybrid,Automatic
Honda,CR-V,Black,2020,76198,Petrol,Automatic
Chevrolet,Tahoe,Black,2021,20139,Petrol,Automatic
Toyota,Corolla,Orange,2007,27090,Hybrid,Manual
Volkswagen,Golf,Orange,2004,71534,Diesel,Manual
Hyundai,Santa Fe,Brown,2015,30153,Diesel,Automatic
BMW,X5,Blue,2005,34440,Hybrid,Manual
Mercedes-Benz,C-Class,Gray,2009,12822,Hybrid,Manual
Hyundai,Accent,Yellow,2000,78021,Hybrid,Automatic
Honda,Fit,White,2005,31178,Diesel,Manual
Toyota,Corolla,Red,2014,40680,Electric,Automatic
Hyundai,Accent,White,2020,34104,Diesel,Automatic
Volkswagen,Atlas,Red,2012,56038,Petrol,Manual
Chevrolet,Silverado,Yellow,2018,39554,Hybrid,Automatic
Toyota,Corolla,White,2007,57074,Petrol,Automatic
Volkswagen,Golf,Silver,2012,15343,Hybrid,Manual
Chevrolet,Malibu,Blue,2003,54691,Electric,Automatic
BMW,X5,Red,2013,8109,Electric,Manual
Volkswagen,Golf,Black,2022,11199,Petrol,Manual
Volkswagen,Atlas,Green,2014,38889,Petrol,Manual
Volkswagen,Jetta,White,2015,52573,Electric,Manual
Hyundai,Santa Fe,Gray,2013,38125,Hybrid,Manual
Toyota,Camry,Yellow,2002,12759,Petrol,Manual
Chevrolet,Tahoe,Gray,2003,41011,Electric,Manual
Toyota,RAV4,Brown,2001,45785,Petrol,Manual
Nissan,Versa,Silver,2006,26051,Diesel,Automatic
Chevrolet,Silverado,Black,2003,43699,Diesel,Manual
Nissan,Sentra,White,2007,48327,Petrol,Manual
Hyundai,Santa Fe,Red,2011,59991,Electric,Manual
Toyota,RAV4,Black,2019,27748,Petrol,Automatic
Honda,CR-V,Brown,2008,47493,Petrol,Automatic
Chevrolet,Malibu,Brown,2015,57016,Hybrid,Manual
Mercedes-Benz,GLC,White,2005,33752,Petrol,Automatic
Ford,Focus,Blue,2006,27808,Hybrid,Manual
Nissan,Rogue,Gray,2013,61196,Petrol,Manual
Toyota,Camry,Yellow,2021,13972,Electric,Manual
Mercedes-Benz,C-Class,Brown,2018,57673,Hybrid,Manual
Ford,F-150,Orange,2010,60519,Electric,Manual
Ford,Escape,Gray,2000,64673,Petrol,Automatic
Honda,CR-V,Silver,2004,12672,Hybrid,Automatic
Toyota,Camry,Yellow,2021,70837,Hybrid,Manual
Nissan,Sentra,Green,2000,37091,Petrol,Manual
Mercedes-Benz,S-Class,Yellow,2017,9485,Petrol,Automatic
Honda,Fit,Brown,2014,29576,Hybrid,Manual
Mercedes-Benz,C-Class,Brown,2010,65429,Electric,Manual
Kia,Rio,Yellow,2001,44881,Diesel,Automatic
Mercedes-Benz,E-Class,Yellow,2002,78807,Petrol,Automatic
Mercedes-Benz,S-Class,Brown,2012,16518,Electric,Manual
Honda,Accord,Silver,2001,38225,Diesel,Automatic
BMW,X5,Yellow,2020,27389,Electric,Manual
Chevrolet,Equinox,Red,2001,12803,Electric,Manual
Nissan,Versa,Yellow,2011,8612,Electric,Manual
Ford,Mustang,Orange,2013,76155,Electric,Automatic
Toyota,Prius,Orange,2018,17151,Electric,Automatic
Chevrolet,Malibu,Red,2009,40741,Electric,Manual
Nissan,Versa,Gray,2007,37597,Petrol,Manual
Ford,F-150,Red,2002,33990,Diesel,Automatic
Toyota,RAV4,Gray,2009,36742,Diesel,Automatic
Ford,Explorer,Orange,2008,42834,Diesel,Automatic
Chevrolet,Silverado,Brown,2020,60052,Hybrid,Manual
Volkswagen,Golf,Brown,2007,25941,Electric,Manual
Nissan,Versa,Blue,2022,20906,Petrol,Automatic
Toyota,Highlander,Black,2018,69307,Diesel,Automatic
Volkswagen,Passat,Orange,2018,31627,Diesel,Automatic
Mercedes-Benz,C-Class,Red,2014,62669,Petrol,Manual
Toyota,Corolla,White,2002,15236,Electric,Manual
Volkswagen,Tiguan,Silver,2004,57560,Electric,Manual
BMW,3 Series,White,2006,9376,Hybrid,Automatic
Toyota,Camry,Orange,2014,9730,Diesel,Automatic
Honda,Civic,Gray,2012,74038,Petrol,Manual
Kia,Rio,Green,2006,47298,Electric,Automatic
Toyota,RAV4,Black,2000,16063,Diesel,Manual
Toyota,RAV4,Green,2001,67884,Electric,Manual
Nissan,Sentra,Gray,2005,28987,Electric,Manual
Volkswagen,Atlas,Silver,2013,63670,Electric,Manual
Hyundai,Santa Fe,Yellow,2015,11842,Electric,Automatic
Mercedes-Benz,GLE,Blue,2016,48286,Diesel,Manual
Hyundai,Tucson,Black,2018,41485,Hybrid,Manual
Mercedes-Benz,GLE,Black,2017,5275,Diesel,Automatic
Kia,Sorento,Blue,2000,11516,Diesel,Manual
BMW,7 Series,Yellow,2008,50144,Hybrid,Automatic
Toyota,Prius,White,2020,5349,Petrol,Automatic
Nissan,Pathfinder,Brown,2019,16289,Electric,Manual
Nissan,Altima,Blue,2014,10881,Diesel,Manual
Volkswagen,Jetta,Yellow,2022,68348,Petrol,Automatic
Kia,Sportage,Gray,2001,18619,Diesel,Automatic
Toyota,Camry,Gray,2003,30984,Electric,Automatic
Toyota,Highlander,Blue,2004,39439,Hybrid,Automatic
Nissan,Altima,Green,2013,37227,Hybrid,Automatic
Honda,Civic,Gray,2001,23893,Diesel,Manual
Toyota,Corolla,Green,2019,45365,Electric,Manual
Honda,Accord,Orange,2013,20270,Diesel,Manual
Ford,Mustang,Red,2001,32007,Petrol,Automatic
Volkswagen,Atlas,Green,2014,54906,Electric,Automatic
Chevrolet,Impala,Gray,2021,39835,Hybrid,Manual
Kia,Soul,Black,2010,45327,Hybrid,Manual
Hyundai,Santa Fe,White,2006,53353,Petrol,Automatic
Chevrolet,Impala,Orange,2003,79406,Electric,Manual
Toyota,Highlander,Brown,2003,35903,Diesel,Automatic
Volkswagen,Atlas,Silver,2003,18817,Electric,Manual
Honda,Pilot,White,2007,40751,Diesel,Manual
Toyota,Camry,Yellow,2009,68167,Petrol,Automatic
BMW,X3,Orange,2014,73960,Electric,Manual
Toyota,Corolla,Blue,2000,65406,Diesel,Manual
Nissan,Sentra,Green,2017,53636,Hybrid,Manual
Volkswagen,Jetta,Gray,2002,17609,Diesel,Automatic
BMW,X5,White,2017,33533,Electric,Automatic
Nissan,Pathfinder,Brown,2005,48566,Hybrid,Manual
Volkswagen,Tiguan,Orange,2005,33377,Diesel,Manual
Volkswagen,Tiguan,Red,2003,17002,Electric,Automatic
Volkswagen,Atlas,Blue,2000,40370,Diesel,Manual
Hyundai,Sonata,Black,2019,9388,Electric,Automatic
Kia,Rio,Orange,2016,29336,Electric,Manual
BMW,3 Series,Green,2012,8406,Diesel,Automatic
BMW,3 Series,Blue,2013,75925,Hybrid,Automatic
BMW,3 Series,Green,2000,9886,Diesel,Manual
Kia,Sportage,White,2022,10631,Petrol,Manual
Toyota,RAV4,Black,2011,31215,Diesel,Manual
Mercedes-Benz,GLE,Black,2004,76029,Electric,Manual
Nissan,Altima,Yellow,2018,51184,Hybrid,Automatic
Honda,Accord,Gray,2007,39928,Petrol,Automatic
BMW,3 Series,Brown,2002,71803,Hybrid,Automatic
Nissan,Pathfinder,Brown,2013,59180,Hybrid,Automatic
Nissan,Versa,Silver,2017,31871,Electric,Automatic
Mercedes-Benz,GLE,Orange,2000,67727,Electric,Automatic
Hyundai,Sonata,Gray,2010,71127,Diesel,Manual
Mercedes-Benz,C-Class,White,2013,24056,Hybrid,Manual
Chevrolet,Equinox,Yellow,2020,22853,Electric,Manual
Volkswagen,Jetta,Silver,2002,41422,Diesel,Manual
Nissan,Pathfinder,Black,2023,43895,Petrol,Manual
Ford,Focus,Orange,2017,71836,Electric,Manual
Honda,Fit,White,2011,40856,Hybrid,Automatic
Toyota,Camry,White,2022,5064,Electric,Manual
Toyota,RAV4,Green,2016,32375,Petrol,Automatic
BMW,7 Series,Orange,2002,32862,Diesel,Automatic
Ford,F-150,Yellow,2005,8617,Hybrid,Manual
Hyundai,Santa Fe,Silver,2021,46450,Hybrid,Automatic
Nissan,Altima,Green,2015,14122,Electric,Manual
Nissan,Pathfinder,Gray,2009,76569,Hybrid,Automatic
Chevrolet,Impala,Red,2003,73421,Hybrid,Automatic
Ford,Mustang,Orange,2005,15370,Hybrid,Automatic
Toyota,Corolla,Black,2009,46501,Hybrid,Automatic
Volkswagen,Atlas,Silver,2018,30085,Diesel,Manual
Ford,Escape,Yellow,2007,22946,Petrol,Automatic
Chevrolet,Malibu,Green,2011,18048,Diesel,Automatic
Mercedes-Benz,GLE,Orange,2012,45594,Hybrid,Automatic
Toyota,Corolla,Blue,2001,45591,Petrol,Automatic
Chevrolet,Equinox,Yellow,2014,63472,Petrol,Automatic
Ford,Focus,Green,2020,27139,Petrol,Automatic
Kia,Sorento,Blue,2023,31514,Hybrid,Automatic
Mercedes-Benz,S-Class,Yellow,2014,46184,Petrol,Automatic
Toyota,Prius,Black,2006,52950,Petrol,Automatic
Toyota,Camry,Red,2016,79156,Petrol,Manual
Mercedes-Benz,E-Class,Red,2007,58572,Petrol,Manual
Toyota,Prius,Yellow,2009,30385,Hybrid,Manual
Mercedes-Benz,S-Class,White,2000,24400,Hybrid,Automatic
BMW,X5,Blue,2010,13000,Diesel,Manual
Kia,Sorento,Yellow,2010,17181,Electric,Automatic
Mercedes-Benz,GLE,Silver,2018,18376,Petrol,Manual
BMW,X5,White,2008,41181,Hybrid,Automatic
Hyundai,Tucson,Green,2017,37562,Petrol,Manual
Mercedes-Benz,S-Class,Green,2023,64919,Petrol,Automatic
Hyundai,Accent,Brown,2012,35854,Hybrid,Automatic
Nissan,Rogue,Silver,2006,24958,Electric,Manual
Chevrolet,Silverado,Silver,2010,11559,Electric,Automatic
BMW,X5,Brown,2008,27003,Electric,Manual
BMW,3 Series,Silver,2013,16625,Electric,Automatic
Honda,Civic,Blue,2005,77388,Diesel,Automatic
BMW,5 Series,Gray,2004,75220,Electric,Automatic
BMW,X3,Yellow,2011,61821,Hybrid,Automatic
Hyundai,Accent,Green,2006,7486,Petrol,Manual
Toyota,Camry,Yellow,2015,65719,Hybrid,Manual
Chevrolet,Silverado,Gray,2013,16177,Hybrid,Automatic
Ford,Focus,Yellow,2013,42918,Hybrid,Automatic
Toyota,Highlander,Red,2008,13754,Diesel,Manual
Volkswagen,Jetta,Gray,2007,45312,Hybrid,Automatic
Chevrolet,Silverado,Black,2018,45281,Electric,Manual
Nissan,Sentra,Black,2022,61461,Diesel,Automatic
Ford,Escape,Gray,2023,27523,Hybrid,Automatic
Hyundai,Elantra,Blue,2013,53250,Electric,Manual
Toyota,Highlander,Gray,2019,51872,Petrol,Manual
Kia,Rio,Silver,2021,59259,Electric,Automatic
Hyundai,Santa Fe,White,2006,24611,Electric,Automatic
Mercedes-Benz,C-Class,Green,2002,11126,Diesel,Manual
Ford,Explorer,Blue,2021,40412,Diesel,Automatic
Hyundai,Santa Fe,Silver,2004,42679,Hybrid,Automatic
Ford,Explorer,Red,2000,17358,Electric,Automatic
Hyundai,Tucson,Black,2005,55214,Electric,Automatic
Toyota,Corolla,Brown,2019,8909,Electric,Manual
Nissan,Pathfinder,Black,2016,58498,Hybrid,Manual
Nissan,Rogue,Orange,2006,7439,Petrol,Manual
Honda,Accord,Black,2016,63403,Diesel,Manual
Nissan,Pathfinder,Yellow,2023,10731,Electric,Manual
BMW,5 Series,Blue,2014,74966,Petrol,Manual
Kia,Rio,White,2007,25951,Electric,Manual
Mercedes-Benz,S-Class,Red,2022,67261,Petrol,Automatic
Ford,Explorer,White,2003,41257,Hybrid,Manual
Hyundai,Elantra,Black,2002,69985,Electric,Automatic
Nissan,Versa,Brown,2009,36626,Petrol,Manual
Volkswagen,Jetta,Orange,2023,8173,Diesel,Automatic
Honda,Civic,Black,2021,31704,Hybrid,Manual
Honda,Accord,Gray,2015,63838,Electric,Manual
Toyota,Highlander,Yellow,2008,40666,Petrol,Automatic
Ford,Mustang,Blue,2013,66620,Petrol,Manual
Volkswagen,Tiguan,Silver,2014,24916,Hybrid,Manual
Kia,Sorento,Blue,2015,25057,Diesel,Manual
Chevrolet,Impala,Black,2016,57501,Electric,Automatic
Ford,Mustang,Black,2000,70274,Diesel,Automatic
Nissan,Rogue,Black,2000,13328,Electric,Manual
Toyota,RAV4,Brown,2021,75117,Diesel,Automatic
Volkswagen,Atlas,Brown,2015,75513,Diesel,Manual
Kia,Rio,Silver,2014,7967,Petrol,Manual
Honda,CR-V,Gray,2013,71089,Electric,Automatic
Nissan,Altima,Green,2001,45917,Electric,Automatic
Ford,Focus,Green,2012,9234,Diesel,Automatic
BMW,3 Series,Orange,2008,27120,Diesel,Automatic
Mercedes-Benz,C-Class,Brown,2005,65577,Electric,Manual
Honda,CR-V,Silver,2013,11978,Hybrid,Manual
Hyundai,Accent,Orange,2018,17078,Diesel,Manual
Honda,Accord,Black,2015,32949,Diesel,Manual
Toyota,Highlander,Black,2014,75334,Hybrid,Manual
Ford,Focus,Green,2004,55542,Diesel,Manual
Kia,Rio,Yellow,2004,20657,Electric,Manual
Ford,Focus,Blue,2013,35611,Electric,Automatic
Honda,Accord,Black,2002,51497,Hybrid,Manual
Honda,Civic,Silver,2023,74723,Hybrid,Manual
Honda,CR-V,Green,2016,15553,Electric,Manual
Mercedes-Benz,C-Class,Gray,2007,8089,Electric,Manual
Chevrolet,Equinox,Black,2013,69701,Electric,Automatic
Honda,Pilot,Brown,2012,52402,Diesel,Automatic
Honda,Pilot,Red,2020,75336,Diesel,Automatic
Ford,Escape,White,2007,63984,Petrol,Automatic
Mercedes-Benz,GLE,Brown,2006,43112,Diesel,Manual
Nissan,Sentra,Yellow,2021,20247,Diesel,Manual
BMW,X5,Yellow,2006,44104,Hybrid,Manual
Kia,Rio,Silver,2011,72962,Diesel,Manual
Hyundai,Elantra,Black,2001,77196,Petrol,Manual
Ford,F-150,White,2002,31572,Electric,Manual
Toyota,Camry,Gray,2008,60795,Electric,Automatic
Kia,Rio,Yellow,2023,62604,Petrol,Manual
Honda,Accord,Green,2017,27597,Hybrid,Automatic
Toyota,Corolla,Green,2017,58108,Electric,Automatic
Honda,Accord,Black,2013,13398,Diesel,Automatic
Nissan,Altima,Gray,2016,49431,Electric,Manual
BMW,5 Series,White,2022,35354,Hybrid,Manual
Nissan,Rogue,Green,2016,12140,Diesel,Automatic
Kia,Soul,Yellow,2012,55617,Diesel,Automatic
Toyota,RAV4,Orange,2011,23791,Hybrid,Manual
Chevrolet,Malibu,Red,2017,37245,Diesel,Manual
Hyundai,Elantra,White,2008,68020,Hybrid,Manual
Ford,Mustang,Silver,2020,56149,Diesel,Manual
BMW,X3,Orange,2003,53721,Petrol,Manual
Toyota,Camry,Red,2023,15866,Hybrid,Manual
BMW,7 Series,Silver,2015,62217,Diesel,Automatic
Hyundai,Elantra,Silver,2000,56051,Electric,Manual
Chevrolet,Equinox,Blue,2019,9604,Petrol,Automatic
Honda,Pilot,Brown,2023,48722,Diesel,Manual
Hyundai,Sonata,Silver,2010,9434,Hybrid,Automatic
Toyota,RAV4,Yellow,2007,36941,Petrol,Manual
Honda,Fit,Brown,2017,13548,Hybrid,Manual
Ford,Focus,Blue,2007,15590,Hybrid,Manual
Kia,Soul,Silver,2010,34653,Petrol,Manual
BMW,3 Series,Black,2005,25996,Electric,Automatic
Ford,Escape,Black,2000,33580,Hybrid,Automatic
Nissan,Versa,Black,2010,13692,Hybrid,Manual
BMW,3 Series,Orange,2005,25121,Electric,Automatic
Ford,Mustang,Red,2004,22399,Electric,Automatic
Nissan,Versa,Brown,2005,26389,Hybrid,Automatic
Toyota,Highlander,Blue,2018,68950,Diesel,Manual
Mercedes-Benz,E-Class,Brown,2010,57562,Hybrid,Manual
Volkswagen,Atlas,Red,2016,48824,Petrol,Automatic
Nissan,Pathfinder,Red,2010,62385,Diesel,Automatic
Toyota,RAV4,Brown,2019,14000,Diesel,Automatic
Hyundai,Accent,Green,2006,61167,Electric,Automatic
Chevrolet,Tahoe,Yellow,2019,10014,Electric,Automatic
Kia,Soul,Black,2016,23490,Diesel,Manual
Ford,F-150,Gray,2004,41943,Diesel,Automatic
Chevrolet,Silverado,Yellow,2018,79113,Diesel,Automatic
BMW,7 Series,Red,2017,25279,Electric,Automatic
Toyota,Camry,Red,2001,51651,Petrol,Manual
Chevrolet,Equinox,Black,2001,60466,Hybrid,Automatic
Kia,Optima,Gray,2022,64049,Electric,Manual
Chevrolet,Malibu,Green,2007,43527,Electric,Manual
BMW,5 Series,Blue,2003,64634,Electric,Automatic
BMW,5 Series,Orange,2014,60334,Electric,Manual
Hyundai,Sonata,Green,2013,41320,Diesel,Manual
Mercedes-Benz,GLE,Blue,2018,60627,Diesel,Manual
Honda,Accord,White,2000,53224,Hybrid,Automatic
Volkswagen,Tiguan,White,2023,62468,Electric,Automatic
Volkswagen,Jetta,Silver,2022,31427,Hybrid,Manual
Ford,Mustang,White,2016,59530,Electric,Manual
Chevrolet,Silverado,Gray,2007,39265,Petrol,Manual
BMW,3 Series,Brown,2009,27114,Diesel,Automatic
Toyota,Highlander,Gray,2005,16424,Hybrid,Automatic
Ford,Escape,Gray,2016,44543,Petrol,Manual
Ford,F-150,Green,2010,75331,Hybrid,Manual
BMW,3 Series,Orange,2006,60531,Diesel,Automatic
Nissan,Pathfinder,Brown,2023,56704,Hybrid,Automatic
Hyundai,Santa Fe,Yellow,2008,32201,Electric,Automatic
Ford,Focus,Blue,2004,10256,Petrol,Automatic
Ford,Mustang,Blue,2014,45189,Petrol,Automatic
Toyota,Prius,White,2020,57209,Diesel,Automatic
Honda,CR-V,Black,2004,10969,Diesel,Manual
Honda,CR-V,Red,2005,8882,Hybrid,Manual
BMW,5 Series,Silver,2003,24677,Petrol,Manual
BMW,X3,Green,2003,48265,Electric,Automatic
Ford,Mustang,Brown,2008,30158,Electric,Automatic
Honda,Civic,Green,2019,62796,Diesel,Manual
Honda,CR-V,Black,2003,53521,Petrol,Manual
Ford,Focus,Silver,2022,13712,Petrol,Manual
Volkswagen,Passat,Brown,2005,5981,Electric,Manual
Toyota,Prius,Red,2023,34282,Petrol,Automatic
Hyundai,Elantra,Gray,2017,23096,Electric,Manual
Toyota,RAV4,Black,2003,74438,Hybrid,Manual
Nissan,Pathfinder,Black,2010,52008,Diesel,Manual
BMW,X5,Green,2022,5849,Diesel,Manual
Nissan,Rogue,Yellow,2009,56864,Diesel,Automatic
Hyundai,Elantra,White,2006,39048,Electric,Automatic
BMW,3 Series,White,2015,41787,Petrol,Manual
Toyota,Highlander,Orange,2012,70193,Electric,Manual
Ford,F-150,Red,2017,21561,Petrol,Automatic
Toyota,Camry,Yellow,2003,49850,Electric,Manual
Honda,Fit,Gray,2021,74543,Hybrid,Manual
Ford,F-150,Gray,2001,75296,Hybrid,Manual
Hyundai,Sonata,Brown,2013,47564,Diesel,Manual
BMW,3 Series,Green,2008,48250,Petrol,Automatic
Kia,Soul,Orange,2001,46396,Petrol,Automatic
Chevrolet,Tahoe,Silver,2011,61465,Hybrid,Automatic
BMW,X5,Green,2008,46595,Petrol,Manual
Kia,Sportage,Black,2014,46776,Petrol,Manual
Toyota,Corolla,Yellow,2014,47171,Electric,Automatic
Chevrolet,Silverado,Green,2018,68679,Diesel,Automatic
Kia,Sorento,Blue,2001,76541,Hybrid,Manual
Volkswagen,Jetta,Gray,2004,12679,Electric,Manual
Nissan,Versa,Brown,2022,50496,Petrol,Automatic
Mercedes-Benz,C-Class,Red,2022,42858,Petrol,Automatic
BMW,5 Series,Orange,2011,76033,Petrol,Automatic
Nissan,Pathfinder,Blue,2012,37478,Electric,Manual
Chevrolet,Malibu,Yellow,2011,26337,Diesel,Manual
Toyota,Prius,Blue,2013,15353,Petrol,Automatic
BMW,X5,Silver,2000,39060,Diesel,Automatic
Chevrolet,Malibu,Orange,2020,6161,Diesel,Automatic
Kia,Rio,Green,2010,76948,Electric,Manual
Honda,Civic,Blue,2016,31867,Hybrid,Automatic
Honda,Civic,Silver,2000,73818,Diesel,Automatic
Honda,Civic,Blue,2007,7310,Diesel,Manual
Kia,Optima,Black,2005,44950,Diesel,Manual
Ford,Explorer,Brown,2006,69817,Electric,Automatic
Honda,Civic,Brown,2001,51714,Electric,Manual
Mercedes-Benz,GLC,Yellow,2001,56828,Hybrid,Manual
Nissan,Altima,White,2017,72713,Electric,Manual
Hyundai,Sonata,Yellow,2015,11261,Petrol,Manual
Mercedes-Benz,GLE,Blue,2018,37354,Hybrid,Manual
Mercedes-Benz,S-Class,Yellow,2014,59272,Petrol,Manual
BMW,3 Series,Green,2015,5034,Hybrid,Manual
Mercedes-Benz,E-Class,Blue,2013,6528,Diesel,Manual
Mercedes-Benz,C-Class,Black,2015,22205,Hybrid,Automatic
Volkswagen,Golf,Yellow,2021,31744,Diesel,Automatic
Nissan,Sentra,Black,2016,28592,Hybrid,Manual
Kia,Optima,Gray,2013,34156,Petrol,Automatic
Chevrolet,Malibu,Blue,2014,79422,Hybrid,Manual
Hyundai,Elantra,Red,2000,42090,Petrol,Automatic
Honda,Accord,Black,2005,68695,Electric,Automatic
Honda,Pilot,Black,2005,49695,Electric,Manual
Hyundai,Santa Fe,Silver,2010,65452,Diesel,Automatic
Nissan,Sentra,Green,2005,46684,Diesel,Automatic
BMW,X3,Orange,2008,60416,Petrol,Manual
Chevrolet,Silverado,Gray,2002,30636,Hybrid,Manual
Hyundai,Santa Fe,Orange,2014,31479,Hybrid,Manual
Volkswagen,Passat,Brown,2014,6592,Hybrid,Automatic
Chevrolet,Equinox,Blue,2022,65050,Electric,Manual
BMW,X3,Silver,2001,40880,Electric,Manual
Mercedes-Benz,C-Class,Silver,2018,62387,Diesel,Manual
Toyota,Camry,Yellow,2012,48167,Hybrid,Manual
Toyota,Highlander,Gray,2004,70869,Diesel,Manual
BMW,7 Series,Silver,2016,11060,Petrol,Manual
Hyundai,Tucson,Orange,2020,45368,Diesel,Automatic
Honda,Accord,Red,2011,50690,Electric,Manual
Chevrolet,Equinox,Green,2002,39167,Hybrid,Manual
Mercedes-Benz,S-Class,Silver,2006,62156,Petrol,Manual
Hyundai,Accent,Black,2014,37989,Petrol,Manual
Kia,Sportage,Gray,2000,25123,Hybrid,Manual
Volkswagen,Tiguan,Orange,2016,49839,Electric,Automatic
BMW,7 Series,Yellow,2000,5510,Electric,Manual
Nissan,Rogue,Yellow,2012,50835,Petrol,Automatic
BMW,7 Series,Blue,2003,69172,Diesel,Manual
Mercedes-Benz,E-Class,Brown,2004,33453,Diesel,Manual
Chevrolet,Malibu,White,2001,20283,Hybrid,Manual
Mercedes-Benz,E-Class,Yellow,2002,76741,Electric,Automatic
Hyundai,Elantra,Yellow,2003,26031,Petrol,Automatic
Nissan,Sentra,Orange,2002,53414,Diesel,Automatic
Chevrolet,Impala,Yellow,2016,74745,Diesel,Manual
Kia,Sorento,Yellow,2001,54774,Electric,Automatic
Nissan,Versa,Blue,2001,74524,Diesel,Automatic
Nissan,Pathfinder,Orange,2005,9832,Petrol,Manual
Toyota,Prius,Silver,2002,48718,Electric,Automatic
Mercedes-Benz,C-Class,Orange,2013,28297,Electric,Manual
BMW,7 Series,Red,2009,77914,Petrol,Automatic
Mercedes-Benz,E-Class,Gray,2022,45283,Hybrid,Automatic
Kia,Sportage,Black,2008,73413,Hybrid,Manual
Volkswagen,Golf,Red,2001,73650,Petrol,Automatic
Hyundai,Elantra,Red,2014,37740,Diesel,Automatic
Honda,CR-V,Green,2014,77738,Diesel,Automatic
Chevrolet,Malibu,Black,2007,16858,Electric,Manual
Hyundai,Accent,Silver,2008,6912,Hybrid,Automatic
Ford,Explorer,Green,2007,20075,Petrol,Automatic
Nissan,Altima,Green,2013,28833,Diesel,Automatic
Ford,Escape,Orange,2016,68935,Petrol,Automatic
Mercedes-Benz,GLE,White,2013,23058,Hybrid,Manual
Nissan,Pathfinder,Blue,2014,60842,Hybrid,Automatic
Chevrolet,Tahoe,Black,2009,77074,Diesel,Automatic
Volkswagen,Passat,Orange,2004,44110,Hybrid,Automatic
Kia,Sorento,Silver,2016,5330,Electric,Manual
Volkswagen,Golf,Orange,2005,10873,Diesel,Manual
Honda,Civic,Red,2004,12000,Electric,Manual
Ford,Focus,Red,2006,18967,Diesel,Manual
Hyundai,Sonata,Silver,2016,59145,Hybrid,Manual
Chevrolet,Silverado,Yellow,2004,45507,Electric,Manual
Honda,Civic,Gray,2007,77408,Electric,Automatic
Kia,Rio,Green,2005,44104,Diesel,Manual
Hyundai,Elantra,Gray,2014,26827,Electric,Automatic
Hyundai,Sonata,White,2023,15161,Hybrid,Automatic
Volkswagen,Passat,Red,2017,59256,Hybrid,Manual
Hyundai,Sonata,Brown,2015,79237,Diesel,Manual
BMW,X3,Gray,2001,57805,Hybrid,Manual
Toyota,Corolla,Red,2011,50623,Petrol,Automatic
Honda,Accord,Silver,2005,14670,Hybrid,Automatic
Mercedes-Benz,E-Class,Blue,2018,45534,Petrol,Manual
Nissan,Versa,Brown,2000,25025,Electric,Automatic
Honda,Civic,White,2016,53816,Petrol,Automatic
Hyundai,Tucson,Red,2009,63912,Petrol,Manual
Hyundai,Tucson,Brown,2005,75372,Petrol,Automatic
Honda,Fit,Gray,2014,79095,Electric,Manual
Volkswagen,Passat,Brown,2018,44388,Petrol,Automatic
Ford,F-150,Blue,2023,56227,Electric,Automatic
Nissan,Versa,Green,2023,51898,Petrol,Manual
Honda,Accord,White,2014,67563,Diesel,Automatic
Ford,F-150,White,2021,58655,Diesel,Automatic
Chevrolet,Tahoe,Black,2008,14679,Petrol,Automatic
Toyota,Prius,Yellow,2017,71370,Petrol,Manual
Chevrolet,Equinox,Yellow,2023,35934,Electric,Automatic
Mercedes-Benz,E-Class,Yellow,2010,48387,Petrol,Automatic
Mercedes-Benz,S-Class,Gray,2015,67197,Electric,Automatic
Chevrolet,Impala,Orange,2017,43730,Electric,Manual
Mercedes-Benz,GLE,Yellow,2016,6021,Petrol,Automatic
Nissan,Sentra,Silver,2023,60919,Diesel,Automatic
Hyundai,Elantra,Orange,2004,15636,Diesel,Automatic
Toyota,Highlander,Red,2020,75146,Hybrid,Automatic
Ford,Escape,Gray,2001,66592,Hybrid,Manual
Hyundai,Sonata,Orange,2015,55304,Diesel,Manual
Hyundai,Elantra,Gray,2001,74434,Electric,Manual
Ford,Escape,White,2010,33253,Diesel,Manual
Kia,Sportage,Brown,2023,26079,Diesel,Automatic
Ford,Escape,Black,2013,48844,Electric,Manual
Ford,Escape,Blue,2002,44371,Electric,Manual
Chevrolet,Equinox,Green,2022,9109,Hybrid,Automatic
Ford,F-150,Blue,2017,63535,Petrol,Automatic
Kia,Sportage,Blue,2001,53936,Diesel,Manual
BMW,3 Series,Blue,2018,78119,Hybrid,Automatic
Toyota,Highlander,Red,2017,50121,Hybrid,Manual
Honda,Fit,Silver,2017,16046,Hybrid,Manual
BMW,X5,Silver,2019,77044,Petrol,Automatic
Volkswagen,Passat,Blue,2008,60449,Petrol,Automatic
Kia,Soul,Gray,2005,61551,Petrol,Manual
Ford,Mustang,Blue,2023,52458,Hybrid,Manual
Chevrolet,Malibu,Silver,2012,65471,Electric,Manual
Ford,Explorer,Green,2003,31581,Electric,Manual
Chevrolet,Equinox,Silver,2010,61946,Electric,Manual
Ford,Focus,Black,2002,78720,Electric,Automatic
Toyota,Camry,Blue,2003,62340,Electric,Manual
Nissan,Altima,Green,2014,66113,Petrol,Automatic
Honda,Accord,Orange,2012,6650,Petrol,Automatic
Hyundai,Sonata,White,2018,38657,Petrol,Automatic
Chevrolet,Silverado,Orange,2003,17720,Hybrid,Manual
Honda,CR-V,Brown,2018,56111,Hybrid,Manual
Chevrolet,Impala,White,2021,64817,Diesel,Manual
Toyota,Camry,Black,2019,28194,Electric,Automatic
Chevrolet,Silverado,Yellow,2004,46059,Hybrid,Automatic
Hyundai,Santa Fe,Green,2019,21776,Petrol,Manual
Mercedes-Benz,GLC,Yellow,2020,64233,Electric,Manual
Hyundai,Elantra,Orange,2015,40670,Hybrid,Manual
Kia,Soul,Yellow,2009,53242,Petrol,Manual
BMW,3 Series,Brown,2002,15781,Electric,Manual
Honda,Fit,Gray,2011,48660,Petrol,Automatic
Mercedes-Benz,GLE,Black,2016,57647,Electric,Automatic
Volkswagen,Golf,Gray,2002,25287,Hybrid,Manual
Hyundai,Sonata,Silver,2008,54207,Electric,Automatic
Ford,Mustang,White,2010,65316,Electric,Manual
Honda,Accord,Gray,2023,71249,Petrol,Manual
Chevrolet,Silverado,Black,2014,62047,Electric,Manual
Honda,Pilot,Black,2011,51688,Hybrid,Manual
Volkswagen,Golf,Silver,2009,57818,Petrol,Automatic
Kia,Rio,Silver,2021,39531,Petrol,Automatic
BMW,5 Series,Red,2001,74622,Diesel,Manual
Nissan,Sentra,White,2023,76396,Electric,Manual
Volkswagen,Passat,Yellow,2003,26393,Electric,Automatic
Chevrolet,Impala,Orange,2013,37297,Hybrid,Manual
Volkswagen,Atlas,Brown,2010,69727,Diesel,Automatic
Kia,Optima,Black,2009,41447,Petrol,Manual
Hyundai,Santa Fe,Yellow,2017,61577,Diesel,Automatic
Honda,Fit,Brown,2016,73806,Diesel,Manual
Kia,Soul,Green,2022,38480,Electric,Manual
Ford,Mustang,Silver,2007,32912,Diesel,Manual
Kia,Sportage,Yellow,2005,26444,Electric,Automatic
Ford,Mustang,Green,2022,73714,Hybrid,Manual
Nissan,Altima,Brown,2012,53146,Hybrid,Automatic
Nissan,Altima,Red,2009,29380,Electric,Automatic
Chevrolet,Tahoe,Black,2011,34861,Petrol,Manual
Mercedes-Benz,GLE,Gray,2014,24467,Diesel,Manual
Nissan,Altima,Brown,2002,79526,Electric,Automatic
Mercedes-Benz,E-Class,Gray,2011,45160,Hybrid,Automatic
Volkswagen,Atlas,Yellow,2008,25950,Diesel,Manual
Kia,Rio,Blue,2016,66121,Petrol,Manual
Toyota,RAV4,Yellow,2005,16413,Petrol,Manual
Mercedes-Benz,S-Class,Black,2007,50730,Diesel,Automatic
Nissan,Pathfinder,Green,2004,62806,Petrol,Manual
Mercedes-Benz,GLC,Red,2012,21175,Diesel,Manual
Mercedes-Benz,E-Class,Yellow,2002,60552,Hybrid,Manual
Honda,Civic,Brown,2009,17108,Hybrid,Automatic
Mercedes-Benz,S-Class,Green,2016,13528,Hybrid,Manual
Hyundai,Santa Fe,Black,2020,70139,Hybrid,Automatic
Hyundai,Accent,Green,2016,48855,Petrol,Automatic
Toyota,Camry,Black,2010,40144,Diesel,Automatic
Hyundai,Sonata,Red,2007,43446,Diesel,Manual
Volkswagen,Golf,Green,2018,51927,Petrol,Automatic
BMW,3 Series,Red,2002,39744,Petrol,Automatic
Honda,Fit,Blue,2006,58537,Electric,Manual
Ford,Explorer,White,2023,73873,Hybrid,Manual
Hyundai,Elantra,Orange,2003,45367,Hybrid,Manual
Honda,Fit,Green,2007,47610,Hybrid,Manual
Hyundai,Elantra,Silver,2013,37979,Hybrid,Automatic
Chevrolet,Equinox,Blue,2000,44483,Petrol,Manual
Toyota,Corolla,Black,2020,29854,Hybrid,Manual
Hyundai,Sonata,Black,2018,79884,Diesel,Automatic
Chevrolet,Silverado,Brown,2006,46285,Petrol,Manual
Volkswagen,Atlas,Brown,2002,61082,Electric,Manual
Volkswagen,Passat,Green,2012,34910,Electric,Manual
Chevrolet,Tahoe,Black,2003,39612,Electric,Manual
Mercedes-Benz,E-Class,Silver,2007,10607,Hybrid,Automatic
BMW,3 Series,White,2017,55734,Hybrid,Manual
Volkswagen,Passat,Brown,2008,61997,Hybrid,Manual
Ford,Explorer,White,2009,52073,Diesel,Automatic
BMW,5 Series,Brown,2013,10330,Petrol,Automatic
